library_rank,heuristic_score,vertex_count,spots_mm,mean_pairwise_mm,min_pairwise_mm,same_layer_pitch_score,adjacent_layer_score
1,22.1963,2,"(15.0,-3.0,-9.8); (40.5,-39.0,11.2)",48.85949242470699,48.85949242470699,0.0,0.5664307482459947
2,21.9538,2,"(15.0,-3.0,-9.8); (34.5,-43.5,-11.2)",44.97499305169485,44.97499305169485,0.5676454047590888,0.0
3,21.1345,2,"(15.0,-3.0,-9.8); (40.5,-33.0,11.2)",44.62342434193055,44.62342434193055,0.0,0.5589136444151596
4,20.8764,2,"(13.5,-7.5,-8.2); (42.0,-40.5,11.2)",47.765049984271975,47.765049984271975,0.0,0.463714204755004
5,20.6366,2,"(13.5,-7.5,-8.2); (33.0,-43.5,-11.2)",41.051796550212025,41.051796550212025,0.4033238900472925,0.0
